error_number,current_index,next_index,current_byte_offset,next_byte_offset,counter_current,counter_next,counter_delta,counter_missing_samples,lfsr_current,lfsr_expected_next,lfsr_received,lfsr_steps_to_received,lfsr_missing_samples,next_sample_at_4096_boundary
1,0,1,0x00000000,0x00000020,10937,11899,962,961,0x0BDB9B2F,0x17B7365F,0xF696D365,>64,unknown,False
2,127,128,0x00000FE0,0x00001000,12025,12028,3,2,0xDA262286,0xB44C450D,0xD1311435,3,2,True
3,128,129,0x00001000,0x00001020,12028,12992,964,963,0xD1311435,0xA262286B,0x48B2710A,>64,unknown,False
4,255,256,0x00001FE0,0x00002000,13118,13121,3,2,0x5D01E009,0xBA03C012,0xE80F0049,3,2,True
5,256,257,0x00002000,0x00002020,13121,14021,900,899,0xE80F0049,0xD01E0092,0xBE8DD05F,>64,unknown,False
6,383,384,0x00002FE0,0x00003000,14147,14150,3,2,0x7716CC59,0xEE2D98B2,0xB8B662CA,3,2,True
7,384,385,0x00003000,0x00003020,14150,15117,967,966,0xB8B662CA,0x716CC594,0x1CA9275A,>64,unknown,False
8,511,512,0x00003FE0,0x00004000,15243,15246,3,2,0x71C58710,0xE38B0E20,0x8E2C3882,3,2,True
9,512,513,0x00004000,0x00004020,15246,16139,893,892,0x8E2C3882,0x1C587104,0xF028CD84,>64,unknown,False
10,639,640,0x00004FE0,0x00005000,16265,16268,3,2,0xA2FAE75F,0x45F5CEBE,0x17D73AF9,3,2,True
11,640,641,0x00005000,0x00005020,16268,17231,963,962,0x17D73AF9,0x2FAE75F2,0x2FA2B42A,>64,unknown,False
12,767,768,0x00005FE0,0x00006000,17357,17360,3,2,0xA2E6741F,0x45CCE83E,0x1733A0F9,3,2,True
13,768,769,0x00006000,0x00006020,17360,18326,966,965,0x1733A0F9,0x2E6741F3,0xC5535F85,>64,unknown,False
14,895,896,0x00006FE0,0x00007000,18452,18455,3,2,0x55DCC627,0xABB98C4E,0xAEE6313A,3,2,True
15,896,897,0x00007000,0x00007020,18455,19417,962,961,0xAEE6313A,0x5DCC6275,0x13DD83A0,>64,unknown,False
16,1023,1024,0x00007FE0,0x00008000,19543,19546,3,2,0xCBB23FE2,0x97647FC4,0x5D91FF13,3,2,True
17,1024,1025,0x00008000,0x00008020,19546,20506,960,959,0x5D91FF13,0xBB23FE27,0x184891CD,>64,unknown,False
18,1151,1152,0x00008FE0,0x00009000,20632,20635,3,2,0x4D81F788,0x9B03EF11,0x6C0FBC45,3,2,True
19,1152,1153,0x00009000,0x00009020,20635,21599,964,963,0x6C0FBC45,0xD81F788A,0x66E92AFF,>64,unknown,False
20,1279,1280,0x00009FE0,0x0000A000,21725,21728,3,2,0x92EF715A,0x25DEE2B4,0x977B8AD2,3,2,True
21,1280,1281,0x0000A000,0x0000A020,21728,22684,956,955,0x977B8AD2,0x2EF715A5,0xB2973C54,>64,unknown,False
22,1407,1408,0x0000AFE0,0x0000B000,22810,22813,3,2,0x0FFDFA66,0x1FFBF4CD,0x7FEFD337,3,2,True
23,1408,1409,0x0000B000,0x0000B020,22813,23705,892,891,0x7FEFD337,0xFFDFA66E,0x3B300796,>64,unknown,False
24,1535,1536,0x0000BFE0,0x0000C000,23831,23834,3,2,0x86F248FE,0x0DE491FC,0x379247F1,3,2,True
25,1536,1537,0x0000C000,0x0000C020,23834,24794,960,959,0x379247F1,0x6F248FE2,0x9590FF20,>64,unknown,False
26,1663,1664,0x0000CFE0,0x0000D000,24920,24923,3,2,0x8011DFBB,0x0023BF76,0x008EFDD8,3,2,True
27,1664,1665,0x0000D000,0x0000D020,24923,25817,894,893,0x008EFDD8,0x011DFBB1,0x06ACDD0F,>64,unknown,False
28,1791,1792,0x0000DFE0,0x0000E000,25943,25946,3,2,0xB6373A3F,0x6C6E747F,0xB1B9D1FD,3,2,True
29,1792,1793,0x0000E000,0x0000E020,25946,26905,959,958,0xB1B9D1FD,0x6373A3FB,0xD9A7114F,>64,unknown,False
30,1919,1920,0x0000EFE0,0x0000F000,27031,27034,3,2,0x08CCCCD0,0x119999A0,0x46666683,3,2,True
31,1920,1921,0x0000F000,0x0000F020,27034,28011,977,976,0x46666683,0x8CCCCD06,0x5406A680,>64,unknown,False
32,2047,2048,0x0000FFE0,0x00010000,28137,28140,3,2,0x625B7AAE,0xC4B6F55C,0x12DBD571,3,2,True
33,2048,2049,0x00010000,0x00010020,28140,29102,962,961,0x12DBD571,0x25B7AAE2,0xC4E6F3DA,>64,unknown,False
34,2175,2176,0x00010FE0,0x00011000,29228,29231,3,2,0xDFD00F8C,0xBFA01F18,0xFE807C63,3,2,True
35,2176,2177,0x00011000,0x00011020,29231,30202,971,970,0xFE807C63,0xFD00F8C6,0x9F19C518,>64,unknown,False
36,2303,2304,0x00011FE0,0x00012000,30328,30331,3,2,0x4F23F7EE,0x9E47EFDD,0x791FBF74,3,2,True
37,2304,2305,0x00012000,0x00012020,30331,31298,967,966,0x791FBF74,0xF23F7EE8,0xAECD8406,>64,unknown,False
38,2431,2432,0x00012FE0,0x00013000,31424,31427,3,2,0x686DD9A6,0xD0DBB34C,0x436ECD31,3,2,True
39,2432,2433,0x00013000,0x00013020,31427,32391,964,963,0x436ECD31,0x86DD9A62,0x50D22BE3,>64,unknown,False
40,2559,2560,0x00013FE0,0x00014000,32517,32520,3,2,0xE3EB0862,0xC7D610C5,0x1F584317,3,2,True
41,2560,2561,0x00014000,0x00014020,32520,33418,898,897,0x1F584317,0x3EB0862E,0x368BED4C,>64,unknown,False
42,2687,2688,0x00014FE0,0x00015000,33544,33547,3,2,0x79585584,0xF2B0AB08,0xCAC2AC23,3,2,True
43,2688,2689,0x00015000,0x00015020,33547,34509,962,961,0xCAC2AC23,0x95855846,0xB14B2CA3,>64,unknown,False
44,2815,2816,0x00015FE0,0x00016000,34635,34638,3,2,0xFD2F5F8A,0xFA5EBF14,0xE97AFC52,3,2,True
45,2816,2817,0x00016000,0x00016020,34638,35530,892,891,0xE97AFC52,0xD2F5F8A4,0x8E2F9EFC,>64,unknown,False
46,2943,2944,0x00016FE0,0x00017000,35656,35659,3,2,0x76A03EFE,0xED407DFD,0xB501F7F4,3,2,True
47,2944,2945,0x00017000,0x00017020,35659,36625,966,965,0xB501F7F4,0x6A03EFE8,0x51BB52F0,>64,unknown,False
48,3071,3072,0x00017FE0,0x00018000,36751,36754,3,2,0x351B7045,0x6A36E08A,0xA8DB822B,3,2,True
49,3072,3073,0x00018000,0x00018020,36754,37713,959,958,0xA8DB822B,0x51B70456,0x0EB40441,>64,unknown,False
50,3199,3200,0x00018FE0,0x00019000,37839,37842,3,2,0x5070E6C9,0xA0E1CD93,0x8387364E,3,2,True
51,3200,3201,0x00019000,0x00019020,37842,38808,966,965,0x8387364E,0x070E6C9C,0x81678378,>64,unknown,False
52,3327,3328,0x00019FE0,0x0001A000,38934,38937,3,2,0x31FF97A4,0x63FF2F49,0x8FFCBD27,3,2,True
53,3328,3329,0x0001A000,0x0001A020,38937,39972,1035,1034,0x8FFCBD27,0x1FF97A4F,0x4D01E3E8,>64,unknown,False
54,3455,3456,0x0001AFE0,0x0001B000,40098,40101,3,2,0xB41ED62D,0x683DAC5A,0xA0F6B169,3,2,True
55,3456,3457,0x0001B000,0x0001B020,40101,41079,978,977,0xA0F6B169,0x41ED62D3,0x173DB7B5,>64,unknown,False
56,3583,3584,0x0001BFE0,0x0001C000,41205,41208,3,2,0xB7AEF8A6,0x6F5DF14C,0xBD77C532,3,2,True
57,3584,3585,0x0001C000,0x0001C020,41208,42166,958,957,0xBD77C532,0x7AEF8A65,0x4250B372,>64,unknown,False
58,3711,3712,0x0001CFE0,0x0001D000,42292,42295,3,2,0x604A6634,0xC094CC69,0x025331A4,3,2,True
59,3712,3713,0x0001D000,0x0001D020,42295,43263,968,967,0x025331A4,0x04A66349,0x1B4DC580,>64,unknown,False
60,3839,3840,0x0001DFE0,0x0001E000,43389,43392,3,2,0x7B6CE136,0xF6D9C26D,0xDB6709B7,3,2,True
61,3840,3841,0x0001E000,0x0001E020,43392,44283,891,890,0xDB6709B7,0xB6CE136F,0x9139A1CB,>64,unknown,False
62,3967,3968,0x0001EFE0,0x0001F000,44409,44412,3,2,0x8FCDE731,0x1F9BCE63,0x7E6F398E,3,2,True
63,3968,3969,0x0001F000,0x0001F020,44412,45381,969,968,0x7E6F398E,0xFCDE731D,0x3BAC6CEE,>64,unknown,False
64,4095,4096,0x0001FFE0,0x00020000,45507,45510,3,2,0x6C92DBF7,0xD925B7EF,0x6496DFBD,3,2,True
65,4096,4097,0x00020000,0x00020020,45510,46402,892,891,0x6496DFBD,0xC92DBF7A,0x2DF4C8E6,>64,unknown,False
66,4223,4224,0x00020FE0,0x00021000,46528,46531,3,2,0x3F3E0737,0x7E7C0E6E,0xF9F039BB,3,2,True
67,4224,4225,0x00021000,0x00021020,46531,47500,969,968,0xF9F039BB,0xF3E07377,0xC8DF6C07,>64,unknown,False
68,4351,4352,0x00021FE0,0x00022000,47626,47629,3,2,0x04BEB579,0x097D6AF3,0x25F5ABCE,3,2,True
69,4352,4353,0x00022000,0x00022020,47629,48590,961,960,0x25F5ABCE,0x4BEB579D,0xB9155759,>64,unknown,False
70,4479,4480,0x00022FE0,0x00023000,48716,48719,3,2,0x0B30BBD1,0x166177A2,0x5985DE8A,3,2,True
71,4480,4481,0x00023000,0x00023020,48719,49702,983,982,0x5985DE8A,0xB30BBD15,0xB12722A9,>64,unknown,False
72,4607,4608,0x00023FE0,0x00024000,49828,49831,3,2,0xE1C4E3AC,0xC389C758,0x0E271D63,3,2,True
73,4608,4609,0x00024000,0x00024020,49831,50795,964,963,0x0E271D63,0x1C4E3AC6,0xB42D74C7,>64,unknown,False
74,4735,4736,0x00024FE0,0x00025000,50921,50924,3,2,0x7F6E2DED,0xFEDC5BDB,0xFB716F6D,3,2,True
75,4736,4737,0x00025000,0x00025020,50924,51900,976,975,0xFB716F6D,0xF6E2DEDB,0xCF58C269,>64,unknown,False
76,4863,4864,0x00025FE0,0x00026000,52026,52029,3,2,0xEEF3D774,0xDDE7AEE8,0x779EBBA3,3,2,True
77,4864,4865,0x00026000,0x00026020,52029,52992,963,962,0x779EBBA3,0xEF3D7747,0x5B571C6E,>64,unknown,False
78,4991,4992,0x00026FE0,0x00027000,53118,53121,3,2,0x11A6B21C,0x234D6439,0x8D3590E7,3,2,True
79,4992,4993,0x00027000,0x00027020,53121,54080,959,958,0x8D3590E7,0x1A6B21CF,0x6ACFD202,>64,unknown,False
80,5119,5120,0x00027FE0,0x00028000,54206,54209,3,2,0x5E6F99F0,0xBCDF33E1,0xF37CCF85,3,2,True
81,5120,5121,0x00028000,0x00028020,54209,55152,943,942,0xF37CCF85,0xE6F99F0A,0x381B1DB1,>64,unknown,False
82,5247,5248,0x00028FE0,0x00029000,55278,55281,3,2,0x306C55E5,0x60D8ABCA,0x8362AF28,3,2,True
83,5248,5249,0x00029000,0x00029020,55281,8009,18264,18263,0x8362AF28,0x06C55E51,0x2ABBA118,>64,unknown,False
84,5375,5376,0x00029FE0,0x0002A000,8135,8138,3,2,0x3E735CDA,0x7CE6B9B4,0xF39AE6D3,3,2,True
85,5376,5377,0x0002A000,0x0002A020,8138,15307,7169,7168,0xF39AE6D3,0xE735CDA7,0xFB16D1EB,>64,unknown,False
86,5503,5504,0x0002AFE0,0x0002B000,15433,15436,3,2,0xC7CDE0EB,0x8F9BC1D7,0x3E6F075E,3,2,True
87,5504,5505,0x0002B000,0x0002B020,15436,15998,562,561,0x3E6F075E,0x7CDE0EBC,0x08A8943E,>64,unknown,False
88,5631,5632,0x0002BFE0,0x0002C000,16124,16127,3,2,0x8E71DA74,0x1CE3B4E8,0x738ED3A0,3,2,True
89,5632,5633,0x0002C000,0x0002C020,16127,18120,1993,1992,0x738ED3A0,0xE71DA741,0x066F6FDB,>64,unknown,False
90,5759,5760,0x0002CFE0,0x0002D000,18246,18249,3,2,0xD30BFC17,0xA617F82E,0x985FE0BA,3,2,True
91,5760,5761,0x0002D000,0x0002D020,18249,19359,1110,1109,0x985FE0BA,0x30BFC175,0xE9A1B64C,>64,unknown,False
92,5887,5888,0x0002DFE0,0x0002E000,19485,19488,3,2,0x78152C1B,0xF02A5836,0xC0A960DB,3,2,True
93,5888,5889,0x0002E000,0x0002E020,19488,20032,544,543,0xC0A960DB,0x8152C1B6,0x9B34E43D,>64,unknown,False
94,6015,6016,0x0002EFE0,0x0002F000,20158,20161,3,2,0x05BD5F06,0x0B7ABE0D,0x2DEAF834,3,2,True
95,6016,6017,0x0002F000,0x0002F020,20161,21278,1117,1116,0x2DEAF834,0x5BD5F068,0x1E374F0E,>64,unknown,False
96,6143,6144,0x0002FFE0,0x00030000,21404,21407,3,2,0xF1E66C31,0xE3CCD862,0x8F33618B,3,2,True
97,6144,6145,0x00030000,0x00030020,21407,21937,530,529,0x8F33618B,0x1E66C316,0x60A83DCA,>64,unknown,False
98,6271,6272,0x00030FE0,0x00031000,22063,22066,3,2,0x6D385AEC,0xDA70B5D8,0x69C2D763,3,2,True
99,6272,6273,0x00031000,0x00031020,22066,23154,1088,1087,0x69C2D763,0xD385AEC7,0x00670284,>64,unknown,False
100,6399,6400,0x00031FE0,0x00032000,23280,23283,3,2,0x7E3C0906,0xFC78120D,0xF1E04835,3,2,True
101,6400,6401,0x00032000,0x00032020,23283,23817,534,533,0xF1E04835,0xE3C0906A,0x6A3D77DE,>64,unknown,False
102,6527,6528,0x00032FE0,0x00033000,23943,23946,3,2,0xB3D2E13D,0x67A5C27A,0x9E9709EB,3,2,True
103,6528,6529,0x00033000,0x00033020,23946,24973,1027,1026,0x9E9709EB,0x3D2E13D7,0x9D80824E,>64,unknown,False
104,6655,6656,0x00033FE0,0x00034000,25099,25102,3,2,0x45FB9C52,0x8BF738A4,0x2FDCE292,3,2,True
105,6656,6657,0x00034000,0x00034020,25102,25639,537,536,0x2FDCE292,0x5FB9C525,0x5CF65306,>64,unknown,False
106,6783,6784,0x00034FE0,0x00035000,25765,25768,3,2,0x89E42480,0x13C84900,0x4F212400,3,2,True
107,6784,6785,0x00035000,0x00035020,25768,26806,1038,1037,0x4F212400,0x9E424801,0x513BFD40,>64,unknown,False
108,6911,6912,0x00035FE0,0x00036000,26932,26935,3,2,0xDABC7920,0xB578F240,0xD5E3C900,3,2,True
109,6912,6913,0x00036000,0x00036020,26935,27465,530,529,0xD5E3C900,0xABC79200,0x44CC685B,>64,unknown,False
110,7039,7040,0x00036FE0,0x00037000,27591,27594,3,2,0xD162E2DD,0xA2C5C5BB,0x8B1716EC,3,2,True
111,7040,7041,0x00037000,0x00037020,27594,28602,1008,1007,0x8B1716EC,0x162E2DD8,0xEE5D37C6,>64,unknown,False
112,7167,7168,0x00037FE0,0x00038000,28728,28731,3,2,0xB9FD6E3D,0x73FADC7A,0xCFEB71EB,3,2,True
113,7168,7169,0x00038000,0x00038020,28731,29294,563,562,0xCFEB71EB,0x9FD6E3D6,0xEE818DBC,>64,unknown,False
114,7295,7296,0x00038FE0,0x00039000,29420,29423,3,2,0xB3514A63,0x66A294C7,0x9A8A531E,3,2,True
115,7296,7297,0x00039000,0x00039020,29423,30449,1026,1025,0x9A8A531E,0x3514A63D,0x30C9214B,>64,unknown,False
116,7423,7424,0x00039FE0,0x0003A000,30575,30578,3,2,0x3C09A930,0x78135261,0xE04D4985,3,2,True
117,7424,7425,0x0003A000,0x0003A020,30578,31446,868,867,0xE04D4985,0xC09A930B,0x0AF0DA7C,>64,unknown,False
118,7551,7552,0x0003AFE0,0x0003B000,31572,31575,3,2,0xBFE1E870,0x7FC3D0E1,0xFF0F4384,3,2,True
119,7552,7553,0x0003B000,0x0003B020,31575,32592,1017,1016,0xFF0F4384,0xFE1E8709,0x3728885D,>64,unknown,False
120,7679,7680,0x0003BFE0,0x0003C000,32718,32721,3,2,0x965635E5,0x2CAC6BCB,0xB2B1AF2C,3,2,True
121,7680,7681,0x0003C000,0x0003C020,32721,33274,553,552,0xB2B1AF2C,0x65635E58,0x5999BCF8,>64,unknown,False
122,7807,7808,0x0003CFE0,0x0003D000,33400,33403,3,2,0x02334446,0x0466888D,0x119A2234,3,2,True
123,7808,7809,0x0003D000,0x0003D020,33403,34427,1024,1023,0x119A2234,0x23344469,0x5F7DC841,>64,unknown,False
124,7935,7936,0x0003DFE0,0x0003E000,34553,34556,3,2,0x657AEDF2,0xCAF5DBE5,0x2BD76F95,3,2,True
125,7936,7937,0x0003E000,0x0003E020,34556,35076,520,519,0x2BD76F95,0x57AEDF2B,0xCA5DAD7B,>64,unknown,False
126,8063,8064,0x0003EFE0,0x0003F000,35202,35205,3,2,0xE23F48FF,0xC47E91FE,0x11FA47FA,3,2,True
127,8064,8065,0x0003F000,0x0003F020,35205,28057,58388,unknown/reset,0x11FA47FA,0x23F48FF5,0x86EC3374,>64,unknown,False
128,8191,8192,0x0003FFE0,0x00040000,28183,28186,3,2,0xC769F7C3,0x8ED3EF86,0x3B4FBE1A,3,2,True
129,8192,8193,0x00040000,0x00040020,28186,31544,3358,3357,0x3B4FBE1A,0x769F7C34,0x72B3F1C5,>64,unknown,False
130,8319,8320,0x00040FE0,0x00041000,31670,31673,3,2,0x339FB4CC,0x673F6998,0x9CFDA661,3,2,True
131,8320,8321,0x00041000,0x00041020,31673,34179,2506,2505,0x9CFDA661,0x39FB4CC2,0x114A3F60,>64,unknown,False
132,8447,8448,0x00041FE0,0x00042000,34305,34308,3,2,0x195A9BD4,0x32B537A9,0xCAD4DEA5,3,2,True
133,8448,8449,0x00042000,0x00042020,34308,12481,43709,unknown/reset,0xCAD4DEA5,0x95A9BD4A,0x2567076A,>64,unknown,False
134,8575,8576,0x00042FE0,0x00043000,12607,12610,3,2,0x06503933,0x0CA07267,0x3281C99D,3,2,True
135,8576,8577,0x00043000,0x00043020,12610,13219,609,608,0x3281C99D,0x6503933A,0x2202F374,>64,unknown,False
136,8703,8704,0x00043FE0,0x00044000,13345,13348,3,2,0xD076330A,0xA0EC6615,0x83B19856,3,2,True
137,8704,8705,0x00044000,0x00044020,13348,17185,3837,3836,0x83B19856,0x076330AC,0x40A1DF14,>64,unknown,False
138,8831,8832,0x00044FE0,0x00045000,17311,17314,3,2,0xB0FF66D0,0x61FECDA1,0x87FB3685,3,2,True
139,8832,8833,0x00045000,0x00045020,17314,18562,1248,1247,0x87FB3685,0x0FF66D0A,0xEC639822,>64,unknown,False
140,8959,8960,0x00045FE0,0x00046000,18688,18691,3,2,0xC67FBFE8,0x8CFF7FD0,0x33FDFF40,3,2,True
141,8960,8961,0x00046000,0x00046020,18691,20040,1349,1348,0x33FDFF40,0x67FBFE80,0xA2344823,>64,unknown,False
142,9087,9088,0x00046FE0,0x00047000,20166,20169,3,2,0x65B3C4C8,0xCB678990,0x2D9E2642,3,2,True
143,9088,9089,0x00047000,0x00047020,20169,34562,14393,14392,0x2D9E2642,0x5B3C4C84,0x9505BF2C,>64,unknown,False
144,9215,9216,0x00047FE0,0x00048000,34688,34691,3,2,0xFF7249E0,0xFEE493C1,0xFB924F05,3,2,True
145,9216,9217,0x00048000,0x00048020,34691,35265,574,573,0xFB924F05,0xF7249E0A,0xE27EEE6D,>64,unknown,False
146,9343,9344,0x00048FE0,0x00049000,35391,35394,3,2,0xE9B1DB84,0xD363B709,0x4D8EDC24,3,2,True
147,9344,9345,0x00049000,0x00049020,35394,36890,1496,1495,0x4D8EDC24,0x9B1DB849,0xD7EF2160,>64,unknown,False
148,9471,9472,0x00049FE0,0x0004A000,37016,37019,3,2,0xFEA49EA7,0xFD493D4E,0xF524F538,3,2,True
149,9472,9473,0x0004A000,0x0004A020,37019,38167,1148,1147,0xF524F538,0xEA49EA71,0xA43FF13C,>64,unknown,False
150,9599,9600,0x0004AFE0,0x0004B000,38293,38296,3,2,0x2D5D49D0,0x5ABA93A1,0x6AEA4E84,3,2,True
151,9600,9601,0x0004B000,0x0004B020,38296,39765,1469,1468,0x6AEA4E84,0xD5D49D08,0xAAD3D383,>64,unknown,False
152,9727,9728,0x0004BFE0,0x0004C000,39891,39894,3,2,0x58A7398F,0xB14E731F,0xC539CC7D,3,2,True
153,9728,9729,0x0004C000,0x0004C020,39894,41008,1114,1113,0xC539CC7D,0x8A7398FB,0xE9D7C800,>64,unknown,False
154,9855,9856,0x0004CFE0,0x0004D000,41134,41137,3,2,0x6E5E654B,0xDCBCCA97,0x72F32A5F,3,2,True
155,9856,9857,0x0004D000,0x0004D020,41137,42393,1256,1255,0x72F32A5F,0xE5E654BF,0x843407C4,>64,unknown,False
156,9983,9984,0x0004DFE0,0x0004E000,42519,42522,3,2,0xFCB619A3,0xF96C3347,0xE5B0CD1D,3,2,True
157,9984,9985,0x0004E000,0x0004E020,42522,43625,1103,1102,0xE5B0CD1D,0xCB619A3A,0x455715D6,>64,unknown,False
158,10111,10112,0x0004EFE0,0x0004F000,43751,43754,3,2,0x12DD5687,0x25BAAD0E,0x96EAB43B,3,2,True
159,10112,10113,0x0004F000,0x0004F020,43754,44590,836,835,0x96EAB43B,0x2DD56876,0xE56F0D17,>64,unknown,False
160,10239,10240,0x0004FFE0,0x00050000,44716,44719,3,2,0xF92BC005,0xF257800A,0xC95E0028,3,2,True
161,10240,10241,0x00050000,0x00050020,44719,46547,1828,1827,0xC95E0028,0x92BC0050,0xAE390842,>64,unknown,False
162,10367,10368,0x00050FE0,0x00051000,46673,46676,3,2,0x685CB898,0xD0B97130,0x42E5C4C0,3,2,True
163,10368,10369,0x00051000,0x00051020,46676,48153,1477,1476,0x42E5C4C0,0x85CB8981,0x5D0BC0A1,>64,unknown,False
164,10495,10496,0x00051FE0,0x00052000,48279,48282,3,2,0xE4A96C2C,0xC952D858,0x254B6160,3,2,True
165,10496,10497,0x00052000,0x00052020,48282,49914,1632,1631,0x254B6160,0x4A96C2C0,0x7C9197B0,>64,unknown,False
166,10623,10624,0x00052FE0,0x00053000,50040,50043,3,2,0x5AF90F81,0xB5F21F02,0xD7C87C0A,3,2,True
167,10624,10625,0x00053000,0x00053020,50043,51471,1428,1427,0xD7C87C0A,0xAF90F815,0xC1FE064E,>64,unknown,False
168,10751,10752,0x00053FE0,0x00054000,51597,51600,3,2,0x928A15CA,0x25142B94,0x9450AE51,3,2,True
169,10752,10753,0x00054000,0x00054020,51600,55782,4182,4181,0x9450AE51,0x28A15CA2,0x2E97CB75,>64,unknown,False
170,10879,10880,0x00054FE0,0x00055000,55908,55911,3,2,0xF47974BB,0xE8F2E977,0xA3CBA5DE,3,2,True
171,10880,10881,0x00055000,0x00055020,55911,56996,1085,1084,0xA3CBA5DE,0x47974BBC,0x40AA32E8,>64,unknown,False
172,11007,11008,0x00055FE0,0x00056000,57122,57125,3,2,0x36C25D62,0x6D84BAC4,0xB612EB13,3,2,True
173,11008,11009,0x00056000,0x00056020,57125,57891,766,765,0xB612EB13,0x6C25D627,0x1B18D3D0,>64,unknown,False
174,11135,11136,0x00056FE0,0x00057000,58017,58020,3,2,0xBAD7E042,0x75AFC085,0xD6BF0215,3,2,True
175,11136,11137,0x00057000,0x00057020,58020,59145,1125,1124,0xD6BF0215,0xAD7E042B,0xFF611A78,>64,unknown,False
176,11263,11264,0x00057FE0,0x00058000,59271,59274,3,2,0x0955FB25,0x12ABF64B,0x4AAFD92C,3,2,True
177,11264,11265,0x00058000,0x00058020,59274,60702,1428,1427,0x4AAFD92C,0x955FB258,0x8BAE138C,>64,unknown,False
178,11391,11392,0x00058FE0,0x00059000,60828,60831,3,2,0x736BE2A4,0xE6D7C548,0x9B5F1523,3,2,True
179,11392,11393,0x00059000,0x00059020,60831,61937,1106,1105,0x9B5F1523,0x36BE2A46,0xF9BE5CEF,>64,unknown,False
180,11519,11520,0x00059FE0,0x0005A000,62063,62066,3,2,0xA478619E,0x48F0C33C,0x23C30CF3,3,2,True
181,11520,11521,0x0005A000,0x0005A020,62066,63328,1262,1261,0x23C30CF3,0x478619E6,0xA91C300A,>64,unknown,False
182,11647,11648,0x0005AFE0,0x0005B000,63454,63457,3,2,0x0CE58DE1,0x19CB1BC2,0x672C6F08,3,2,True
183,11648,11649,0x0005B000,0x0005B020,63457,64555,1098,1097,0x672C6F08,0xCE58DE10,0xF8F9007E,>64,unknown,False
184,11775,11776,0x0005BFE0,0x0005C000,64681,64684,3,2,0x121D7EAB,0x243AFD57,0x90EBF55C,3,2,True
185,11776,11777,0x0005C000,0x0005C020,64684,2,854,853,0x90EBF55C,0x21D7EAB9,0xFDC91116,>64,unknown,False
186,11903,11904,0x0005CFE0,0x0005D000,128,131,3,2,0x51D36EC8,0xA3A6DD90,0x8E9B7640,3,2,True
187,11904,11905,0x0005D000,0x0005D020,131,1225,1094,1093,0x8E9B7640,0x1D36EC81,0x2B2EA995,>64,unknown,False
188,12031,12032,0x0005DFE0,0x0005E000,1351,1354,3,2,0x23F285B9,0x47E50B72,0x1F942DCB,3,2,True
189,12032,12033,0x0005E000,0x0005E020,1354,2654,1300,1299,0x1F942DCB,0x3F285B97,0x607C78D0,>64,unknown,False
190,12159,12160,0x0005EFE0,0x0005F000,2780,2783,3,2,0x82FABA3B,0x05F57476,0x17D5D1DB,3,2,True
191,12160,12161,0x0005F000,0x0005F020,2783,3946,1163,1162,0x17D5D1DB,0x2FABA3B6,0xB423A705,>64,unknown,False
192,12287,12288,0x0005FFE0,0x00060000,4072,4075,3,2,0xB8436E20,0x7086DC41,0xC21B7105,3,2,True
193,12288,12289,0x00060000,0x00060020,4075,5288,1213,1212,0xC21B7105,0x8436E20A,0x52BE0699,>64,unknown,False
194,12415,12416,0x00060FE0,0x00061000,5414,5417,3,2,0x0AFF6DA2,0x15FEDB45,0x57FB6D17,3,2,True
195,12416,12417,0x00061000,0x00061020,5417,6520,1103,1102,0x57FB6D17,0xAFF6DA2F,0xB3B54BCD,>64,unknown,False
196,12543,12544,0x00061FE0,0x00062000,6646,6649,3,2,0x2E6EA2BB,0x5CDD4576,0x737515DA,3,2,True
197,12544,12545,0x00062000,0x00062020,6649,9010,2361,2360,0x737515DA,0xE6EA2BB4,0xEC3B063E,>64,unknown,False
198,12671,12672,0x00062FE0,0x00063000,9136,9139,3,2,0x75686481,0xEAD0C903,0xAB43240C,3,2,True
199,12672,12673,0x00063000,0x00063020,9139,10257,1118,1117,0xAB43240C,0x56864818,0x7829A17F,>64,unknown,False
200,12799,12800,0x00063FE0,0x00064000,10383,10386,3,2,0x036D0CC3,0x06DA1987,0x1B68661C,3,2,True
201,12800,12801,0x00064000,0x00064020,10386,11618,1232,1231,0x1B68661C,0x36D0CC38,0x869483B4,>64,unknown,False
202,12927,12928,0x00064FE0,0x00065000,11744,11747,3,2,0xC2DAF263,0x85B5E4C7,0x16D7931E,3,2,True
203,12928,12929,0x00065000,0x00065020,11747,12848,1101,1100,0x16D7931E,0x2DAF263C,0x45025EBC,>64,unknown,False
204,13055,13056,0x00065FE0,0x00066000,12974,12977,3,2,0x0ABA779A,0x1574EF35,0x55D3BCD5,3,2,True
205,13056,13057,0x00066000,0x00066020,12977,13825,848,847,0x55D3BCD5,0xABA779AA,0xC1166762,>64,unknown,False
206,13183,13184,0x00066FE0,0x00067000,13951,13954,3,2,0xF51C0000,0xEA380001,0xA8E00007,3,2,True
207,13184,13185,0x00067000,0x00067020,13954,15057,1103,1102,0xA8E00007,0x51C0000E,0x5CAC6A70,>64,unknown,False
208,13311,13312,0x00067FE0,0x00068000,15183,15186,3,2,0xC92B0896,0x9256112C,0x495844B3,3,2,True
209,13312,13313,0x00068000,0x00068020,15186,16033,847,846,0x495844B3,0x92B08966,0xB09095A2,>64,unknown,False
210,13439,13440,0x00068FE0,0x00069000,16159,16162,3,2,0x38BBE943,0x7177D286,0xC5DF4A1B,3,2,True
211,13440,13441,0x00069000,0x00069020,16162,17259,1097,1096,0xC5DF4A1B,0x8BBE9436,0x0CF9264D,>64,unknown,False
212,13567,13568,0x00069FE0,0x0006A000,17385,17388,3,2,0xAD70630D,0x5AE0C61B,0x6B83186D,3,2,True
213,13568,13569,0x0006A000,0x0006A020,17388,18586,1198,1197,0x6B83186D,0xD70630DA,0x508DEBC5,>64,unknown,False
214,13695,13696,0x0006AFE0,0x0006B000,18712,18715,3,2,0x88522C31,0x10A45863,0x4291618E,3,2,True
215,13696,13697,0x0006B000,0x0006B020,18715,19790,1075,1074,0x4291618E,0x8522C31D,0x6D9BE758,>64,unknown,False
216,13823,13824,0x0006BFE0,0x0006C000,19916,19919,3,2,0xA6638A34,0x4CC71469,0x331C51A6,3,2,True
217,13824,13825,0x0006C000,0x0006C020,19919,21188,1269,1268,0x331C51A6,0x6638A34D,0xCF8F892D,>64,unknown,False
218,13951,13952,0x0006CFE0,0x0006D000,21314,21317,3,2,0xD5D4BCDE,0xABA979BC,0xAEA5E6F2,3,2,True
219,13952,13953,0x0006D000,0x0006D020,21317,22416,1099,1098,0xAEA5E6F2,0x5D4BCDE5,0xFF117DFE,>64,unknown,False
220,14079,14080,0x0006DFE0,0x0006E000,22542,22545,3,2,0x6A092DC8,0xD4125B91,0x50496E47,3,2,True
221,14080,14081,0x0006E000,0x0006E020,22545,23747,1202,1201,0x50496E47,0xA092DC8F,0x74D055A6,>64,unknown,False
222,14207,14208,0x0006EFE0,0x0006F000,23873,23876,3,2,0x3F81B051,0x7F0360A3,0xFC0D828F,3,2,True
223,14208,14209,0x0006F000,0x0006F020,23876,24980,1104,1103,0xFC0D828F,0xF81B051E,0x544B7378,>64,unknown,False
224,14335,14336,0x0006FFE0,0x00070000,25106,25109,3,2,0x7EBD1EE4,0xFD7A3DC8,0xF5E8F720,3,2,True
225,14336,14337,0x00070000,0x00070020,25109,25989,880,879,0xF5E8F720,0xEBD1EE40,0x315677EE,>64,unknown,False
226,14463,14464,0x00070FE0,0x00071000,26115,26118,3,2,0x3E372BE4,0x7C6E57C8,0xF1B95F21,3,2,True
227,14464,14465,0x00071000,0x00071020,26118,27211,1093,1092,0xF1B95F21,0xE372BE42,0x1FC200B7,>64,unknown,False
228,14591,14592,0x00071FE0,0x00072000,27337,27340,3,2,0x2E9093B5,0x5D21276B,0x74849DAC,3,2,True
229,14592,14593,0x00072000,0x00072020,27340,28230,890,889,0x74849DAC,0xE9093B58,0x65A4BE84,>64,unknown,False
230,14719,14720,0x00072FE0,0x00073000,28356,28359,3,2,0x0F0025D8,0x1E004BB0,0x78012EC1,3,2,True
231,14720,14721,0x00073000,0x00073020,28359,29448,1089,1088,0x78012EC1,0xF0025D82,0xD05287F8,>64,unknown,False
232,14847,14848,0x00073FE0,0x00074000,29574,29577,3,2,0x2666107D,0x4CCC20FB,0x333083EE,3,2,True
233,14848,14849,0x00074000,0x00074020,29577,31260,1683,1682,0x333083EE,0x666107DD,0xB130C287,>64,unknown,False
234,14975,14976,0x00074FE0,0x00075000,31386,31389,3,2,0x96C64C75,0x2D8C98EA,0xB63263A9,3,2,True
235,14976,14977,0x00075000,0x00075020,31389,32495,1106,1105,0xB63263A9,0x6C64C753,0x86BB9DEA,>64,unknown,False
236,15103,15104,0x00075FE0,0x00076000,32621,32624,3,2,0x1BE51B3E,0x37CA367D,0xDF28D9F4,3,2,True
237,15104,15105,0x00076000,0x00076020,32624,33830,1206,1205,0xDF28D9F4,0xBE51B3E9,0x81D47D22,>64,unknown,False
238,15231,15232,0x00076FE0,0x00077000,33956,33959,3,2,0xFF55E8A6,0xFEABD14D,0xFAAF4534,3,2,True
239,15232,15233,0x00077000,0x00077020,33959,35054,1095,1094,0xFAAF4534,0xF55E8A68,0xB748A9BC,>64,unknown,False
240,15359,15360,0x00077FE0,0x00078000,35180,35183,3,2,0xB84BA616,0x70974C2D,0xC25D30B5,3,2,True
241,15360,15361,0x00078000,0x00078020,35183,36025,842,841,0xC25D30B5,0x84BA616A,0x5E3E9042,>64,unknown,False
242,15487,15488,0x00078FE0,0x00079000,36151,36154,3,2,0x77F94F01,0xEFF29E03,0xBFCA780C,3,2,True
243,15488,15489,0x00079000,0x00079020,36154,37279,1125,1124,0xBFCA780C,0x7F94F019,0xE29BBF8D,>64,unknown,False
244,15615,15616,0x00079FE0,0x0007A000,37405,37408,3,2,0xF28EC722,0xE51D8E45,0x94763917,3,2,True
245,15616,15617,0x0007A000,0x0007A020,37408,38096,688,687,0x94763917,0x28EC722E,0xE64DC7B0,>64,unknown,False
246,15743,15744,0x0007AFE0,0x0007B000,38222,38225,3,2,0x197AD514,0x32F5AA29,0xCBD6A8A4,3,2,True
247,15744,15745,0x0007B000,0x0007B020,38225,39612,1387,1386,0xCBD6A8A4,0x97AD5148,0x70AF2B0B,>64,unknown,False
248,15871,15872,0x0007BFE0,0x0007C000,39738,39741,3,2,0x1176EF70,0x22EDDEE0,0x8BB77B80,3,2,True
249,15872,15873,0x0007C000,0x0007C020,39741,40921,1180,1179,0x8BB77B80,0x176EF701,0xAF353B8B,>64,unknown,False
250,15999,16000,0x0007CFE0,0x0007D000,41047,41050,3,2,0xC5B041DF,0x8B6083BE,0x2D820EF8,3,2,True
251,16000,16001,0x0007D000,0x0007D020,41050,42375,1325,1324,0x2D820EF8,0x5B041DF0,0xE619CB76,>64,unknown,False
252,16127,16128,0x0007DFE0,0x0007E000,42501,42504,3,2,0xBBB38673,0x77670CE7,0xDD9C339C,3,2,True
253,16128,16129,0x0007E000,0x0007E020,42504,43645,1141,1140,0xDD9C339C,0xBB386739,0x5376B818,>64,unknown,False
254,16255,16256,0x0007EFE0,0x0007F000,43771,43774,3,2,0xEB76711E,0xD6ECE23D,0x5BB388F6,3,2,True
255,16256,16257,0x0007F000,0x0007F020,43774,45165,1391,1390,0x5BB388F6,0xB76711EC,0xA40CCC88,>64,unknown,False
256,16383,16384,0x0007FFE0,0x00080000,45291,45294,3,2,0x80DA47B1,0x01B48F63,0x06D23D8F,3,2,True
257,16384,16385,0x00080000,0x00080020,45294,46398,1104,1103,0x06D23D8F,0x0DA47B1E,0x5796AE47,>64,unknown,False
258,16511,16512,0x00080FE0,0x00081000,46524,46527,3,2,0x8D729B7B,0x1AE536F7,0x6B94DBDF,3,2,True
259,16512,16513,0x00081000,0x00081020,46527,47379,852,851,0x6B94DBDF,0xD729B7BE,0x896C9778,>64,unknown,False
260,16639,16640,0x00081FE0,0x00082000,47505,47508,3,2,0xF2A8264C,0xE5504C99,0x95413266,3,2,True
261,16640,16641,0x00082000,0x00082020,47508,48602,1094,1093,0x95413266,0x2A8264CC,0xB655B071,>64,unknown,False
262,16767,16768,0x00082FE0,0x00083000,48728,48731,3,2,0xDB73FA1F,0xB6E7F43F,0xDB9FD0FD,3,2,True
263,16768,16769,0x00083000,0x00083020,48731,49624,893,892,0xDB9FD0FD,0xB73FA1FA,0x8EE14504,>64,unknown,False
264,16895,16896,0x00083FE0,0x00084000,49750,49753,3,2,0x015E29F5,0x02BC53EA,0x0AF14FA8,3,2,True
265,16896,16897,0x00084000,0x00084020,49753,50843,1090,1089,0x0AF14FA8,0x15E29F51,0x1492A028,>64,unknown,False
266,17023,17024,0x00084FE0,0x00085000,50969,50972,3,2,0xC5F4ECF5,0x8BE9D9EA,0x2FA767AA,3,2,True
267,17024,17025,0x00085000,0x00085020,50972,52225,1253,1252,0x2FA767AA,0x5F4ECF55,0x49AA3201,>64,unknown,False
268,17151,17152,0x00085FE0,0x00086000,52351,52354,3,2,0x5808994D,0xB011329A,0xC044CA69,3,2,True
269,17152,17153,0x00086000,0x00086020,52354,53447,1093,1092,0xC044CA69,0x808994D3,0xA36679D8,>64,unknown,False
270,17279,17280,0x00086FE0,0x00087000,53573,53576,3,2,0x560F37B0,0xAC1E6F60,0xB079BD82,3,2,True
271,17280,17281,0x00087000,0x00087020,53576,54323,747,746,0xB079BD82,0x60F37B04,0xCE3379BE,>64,unknown,False
272,17407,17408,0x00087FE0,0x00088000,54449,54452,3,2,0x392FC510,0x725F8A21,0xC97E2884,3,2,True
273,17408,17409,0x00088000,0x00088020,54452,57482,3030,3029,0xC97E2884,0x92FC5108,0xB9805865,>64,unknown,False
274,17535,17536,0x00088FE0,0x00089000,57608,57611,3,2,0xAB882320,0x57104641,0x5C411904,3,2,True
275,17536,17537,0x00089000,0x00089020,57611,59014,1403,1402,0x5C411904,0xB8823208,0x35C9CAF1,>64,unknown,False
276,17663,17664,0x00089FE0,0x0008A000,59140,59143,3,2,0x7AD5B8F3,0xF5AB71E6,0xD6ADC799,3,2,True
277,17664,17665,0x0008A000,0x0008A020,59143,60305,1162,1161,0xD6ADC799,0xAD5B8F33,0x524B5CFD,>64,unknown,False
278,17791,17792,0x0008AFE0,0x0008B000,60431,60434,3,2,0xF72E62BA,0xEE5CC574,0xB97315D3,3,2,True
279,17792,17793,0x0008B000,0x0008B020,60434,61879,1445,1444,0xB97315D3,0x72E62BA7,0x807C1589,>64,unknown,False
280,17919,17920,0x0008BFE0,0x0008C000,62005,62008,3,2,0x3FC16367,0x7F82C6CF,0xFE0B1B3D,3,2,True
281,17920,17921,0x0008C000,0x0008C020,62008,63688,1680,1679,0xFE0B1B3D,0xFC16367B,0xF4AB8BA1,>64,unknown,False
282,18047,18048,0x0008CFE0,0x0008D000,63814,63817,3,2,0x90AF7E92,0x215EFD25,0x857BF495,3,2,True
283,18048,18049,0x0008D000,0x0008D020,63817,65052,1235,1234,0x857BF495,0x0AF7E92A,0x6F47A584,>64,unknown,False
284,18175,18176,0x0008DFE0,0x0008E000,65178,65181,3,2,0x1A7EEAF5,0x34FDD5EA,0xD3F757AB,3,2,True
285,18176,18177,0x0008E000,0x0008E020,65181,246,601,600,0xD3F757AB,0xA7EEAF57,0x7C027F60,>64,unknown,False
286,18303,18304,0x0008EFE0,0x0008F000,372,375,3,2,0xB96FAFE1,0x72DF5FC3,0xCB7D7F0E,3,2,True
287,18304,18305,0x0008F000,0x0008F020,375,1497,1122,1121,0xCB7D7F0E,0x96FAFE1D,0xDE8BC3A1,>64,unknown,False
288,18431,18432,0x0008FFE0,0x00090000,1623,1626,3,2,0x3DBE4A83,0x7B7C9506,0xEDF2541B,3,2,True
289,18432,18433,0x00090000,0x00090020,1626,2474,848,847,0xEDF2541B,0xDBE4A837,0x9EEAC705,>64,unknown,False
290,18559,18560,0x00090FE0,0x00091000,2600,2603,3,2,0x6BC971B7,0xD792E36E,0x5E4B8DBA,3,2,True
291,18560,18561,0x00091000,0x00091020,2603,3744,1141,1140,0x5E4B8DBA,0xBC971B75,0xCD2563EF,>64,unknown,False
292,18687,18688,0x00091FE0,0x00092000,3870,3873,3,2,0x5EAEB43E,0xBD5D687C,0xF575A1F2,3,2,True
293,18688,18689,0x00092000,0x00092020,3873,5104,1231,1230,0xF575A1F2,0xEAEB43E5,0xB917EBE3,>64,unknown,False
294,18815,18816,0x00092FE0,0x00093000,5230,5233,3,2,0x0A1B0F6A,0x14361ED4,0x50D87B51,3,2,True
295,18816,18817,0x00093000,0x00093020,5233,6456,1223,1222,0x50D87B51,0xA1B0F6A2,0x3565B475,>64,unknown,False
296,18943,18944,0x00093FE0,0x00094000,6582,6585,3,2,0xE5D9D269,0xCBB3A4D2,0x2ECE9349,3,2,True
297,18944,18945,0x00094000,0x00094020,6585,7890,1305,1304,0x2ECE9349,0x5D9D2693,0x34A4E4FA,>64,unknown,False
298,19071,19072,0x00094FE0,0x00095000,8016,8019,3,2,0x7EB01E5A,0xFD603CB4,0xF580F2D0,3,2,True
299,19072,19073,0x00095000,0x00095020,8019,9235,1216,1215,0xF580F2D0,0xEB01E5A0,0x7C3956F0,>64,unknown,False
300,19199,19200,0x00095FE0,0x00096000,9361,9364,3,2,0x1A634261,0x34C684C2,0xD31A130B,3,2,True
301,19200,19201,0x00096000,0x00096020,9364,10624,1260,1259,0xD31A130B,0xA6342616,0x65317B0E,>64,unknown,False
302,19327,19328,0x00096FE0,0x00097000,10750,10753,3,2,0xB0AB63E6,0x6156C7CD,0x855B1F37,3,2,True
303,19328,19329,0x00097000,0x00097020,10753,11859,1106,1105,0x855B1F37,0x0AB63E6E,0x49CBC7B9,>64,unknown,False
304,19455,19456,0x00097FE0,0x00098000,11985,11988,3,2,0x552B9CC5,0xAA57398B,0xA95CE62C,3,2,True
305,19456,19457,0x00098000,0x00098020,11988,13215,1227,1226,0xA95CE62C,0x52B9CC59,0x386EA47D,>64,unknown,False
306,19583,19584,0x00098FE0,0x00099000,13341,13344,3,2,0x370BA4D3,0x6E1749A7,0xB85D269E,3,2,True
307,19584,19585,0x00099000,0x00099020,13344,14448,1104,1103,0xB85D269E,0x70BA4D3D,0xF56B2CD0,>64,unknown,False
308,19711,19712,0x00099FE0,0x0009A000,14574,14577,3,2,0x09DB2CFF,0x13B659FE,0x4ED967F9,3,2,True
309,19712,19713,0x0009A000,0x0009A020,14577,15799,1222,1221,0x4ED967F9,0x9DB2CFF2,0x674B58CC,>64,unknown,False
310,19839,19840,0x0009AFE0,0x0009B000,15925,15928,3,2,0x70FDF037,0xE1FBE06E,0x87EF81B9,3,2,True
311,19840,19841,0x0009B000,0x0009B020,15928,17031,1103,1102,0x87EF81B9,0x0FDF0372,0x2DDC0D00,>64,unknown,False
312,19967,19968,0x0009BFE0,0x0009C000,17157,17160,3,2,0xFF66C076,0xFECD80ED,0xFB3603B5,3,2,True
313,19968,19969,0x0009C000,0x0009C020,17160,18003,843,842,0xFB3603B5,0xF66C076B,0x2E49320B,>64,unknown,False
314,20095,20096,0x0009CFE0,0x0009D000,18129,18132,3,2,0xAFA13C47,0x5F42788F,0x7D09E23F,3,2,True
315,20096,20097,0x0009D000,0x0009D020,18132,19222,1090,1089,0x7D09E23F,0xFA13C47E,0xA660E59A,>64,unknown,False
316,20223,20224,0x0009DFE0,0x0009E000,19348,19351,3,2,0x72D57D8B,0xE5AAFB17,0x96ABEC5D,3,2,True
317,20224,20225,0x0009E000,0x0009E020,19351,20581,1230,1229,0x96ABEC5D,0x2D57D8BA,0xCFA88E65,>64,unknown,False
318,20351,20352,0x0009EFE0,0x0009F000,20707,20710,3,2,0xCDAFACF5,0x9B5F59EB,0x6D7D67AC,3,2,True
319,20352,20353,0x0009F000,0x0009F020,20710,21800,1090,1089,0x6D7D67AC,0xDAFACF58,0x00A50140,>64,unknown,False
320,20479,20480,0x0009FFE0,0x000A0000,21926,21929,3,2,0x3333339E,0x6666673D,0x99999CF5,3,2,True
321,20480,20481,0x000A0000,0x000A0020,21929,23189,1260,1259,0x99999CF5,0x333339EA,0x601EEDBA,>64,unknown,False
322,20607,20608,0x000A0FE0,0x000A1000,23315,23318,3,2,0xE3825492,0xC704A925,0x1C12A494,3,2,True
323,20608,20609,0x000A1000,0x000A1020,23318,24537,1219,1218,0x1C12A494,0x38254929,0x41D377D1,>64,unknown,False
324,20735,20736,0x000A1FE0,0x000A2000,24663,24666,3,2,0x60B93216,0xC172642C,0x05C990B2,3,2,True
325,20736,20737,0x000A2000,0x000A2020,24666,25897,1231,1230,0x05C990B2,0x0B932165,0xA3378D7C,>64,unknown,False
326,20863,20864,0x000A2FE0,0x000A3000,26023,26026,3,2,0x137CB3F0,0x26F967E1,0x9BE59F85,3,2,True
327,20864,20865,0x000A3000,0x000A3020,26026,27134,1108,1107,0x9BE59F85,0x37CB3F0B,0xF8B63CF4,>64,unknown,False
328,20991,20992,0x000A3FE0,0x000A4000,27260,27263,3,2,0x68B2BB7C,0xD16576F9,0x4595DBE6,3,2,True
329,20992,20993,0x000A4000,0x000A4020,27263,28146,883,882,0x4595DBE6,0x8B2BB7CC,0x3A962BDD,>64,unknown,False
330,21119,21120,0x000A4FE0,0x000A5000,28272,28275,3,2,0xEC2FDF40,0xD85FBE80,0x617EFA01,3,2,True
331,21120,21121,0x000A5000,0x000A5020,28275,29377,1102,1101,0x617EFA01,0xC2FDF403,0x4DE6A5E6,>64,unknown,False
332,21247,21248,0x000A5FE0,0x000A6000,29503,29506,3,2,0x51FF6960,0xA3FED2C0,0x8FFB4B01,3,2,True
333,21248,21249,0x000A6000,0x000A6020,29506,30772,1266,1265,0x8FFB4B01,0x1FF69603,0x472F503A,>64,unknown,False
334,21375,21376,0x000A6FE0,0x000A7000,30898,30901,3,2,0x403E28D4,0x807C51A9,0x01F146A5,3,2,True
335,21376,21377,0x000A7000,0x000A7020,30901,32117,1216,1215,0x01F146A5,0x03E28D4B,0x6290D662,>64,unknown,False
336,21503,21504,0x000A7FE0,0x000A8000,32243,32246,3,2,0x915E1055,0x22BC20AA,0x8AF082A9,3,2,True
337,21504,21505,0x000A8000,0x000A8020,32246,33480,1234,1233,0x8AF082A9,0x15E10553,0x7CD7511E,>64,unknown,False
338,21631,21632,0x000A8FE0,0x000A9000,33606,33609,3,2,0xD538DCFA,0xAA71B9F5,0xA9C6E7D4,3,2,True
339,21632,21633,0x000A9000,0x000A9020,33609,34726,1117,1116,0xA9C6E7D4,0x538DCFA8,0x52C9AB9D,>64,unknown,False
340,21759,21760,0x000A9FE0,0x000AA000,34852,34855,3,2,0xBA0F45FA,0x741E8BF4,0xD07A2FD2,3,2,True
341,21760,21761,0x000AA000,0x000AA020,34855,35509,654,653,0xD07A2FD2,0xA0F45FA5,0x64A4A1E1,>64,unknown,False
342,21887,21888,0x000AAFE0,0x000AB000,35635,35638,3,2,0x810BD7B0,0x0217AF60,0x085EBD82,3,2,True
343,21888,21889,0x000AB000,0x000AB020,35638,36863,1225,1224,0x085EBD82,0x10BD7B05,0x61D5822D,>64,unknown,False
344,22015,22016,0x000ABFE0,0x000AC000,36989,36992,3,2,0x3306B37A,0x660D66F5,0x98359BD4,3,2,True
345,22016,22017,0x000AC000,0x000AC020,36992,38523,1531,1530,0x98359BD4,0x306B37A9,0x6766FA2E,>64,unknown,False
346,22143,22144,0x000ACFE0,0x000AD000,38649,38652,3,2,0x29682C33,0x52D05867,0x4B41619F,3,2,True
347,22144,22145,0x000AD000,0x000AD020,38652,39801,1149,1148,0x4B41619F,0x9682C33F,0xB9192343,>64,unknown,False
348,22271,22272,0x000ADFE0,0x000AE000,39927,39930,3,2,0x9369A8BF,0x26D3517F,0x9B4D45FD,3,2,True
349,22272,22273,0x000AE000,0x000AE020,39930,41148,1218,1217,0x9B4D45FD,0x369A8BFA,0x6BB115AF,>64,unknown,False
350,22399,22400,0x000AEFE0,0x000AF000,41274,41277,3,2,0x4C2B3F4D,0x98567E9A,0x6159FA6B,3,2,True
351,22400,22401,0x000AF000,0x000AF020,41277,42370,1093,1092,0x6159FA6B,0xC2B3F4D7,0x1046CEDF,>64,unknown,False
352,22527,22528,0x000AFFE0,0x000B0000,42496,42499,3,2,0x999706A5,0x332E0D4A,0xCCB8352A,3,2,True
353,22528,22529,0x000B0000,0x000B0020,42499,43371,872,871,0xCCB8352A,0x99706A55,0x37415507,>64,unknown,False
354,22655,22656,0x000B0FE0,0x000B1000,43497,43500,3,2,0x2B43BC13,0x56877826,0x5A1DE09B,3,2,True
355,22656,22657,0x000B1000,0x000B1020,43500,44591,1091,1090,0x5A1DE09B,0xB43BC137,0x03BA4DF9,>64,unknown,False
356,22783,22784,0x000B1FE0,0x000B2000,44717,44720,3,2,0xB9CEDE83,0x739DBD06,0xCE76F41A,3,2,True
357,22784,22785,0x000B2000,0x000B2020,44720,45910,1190,1189,0xCE76F41A,0x9CEDE835,0x3A869FF5,>64,unknown,False
358,22911,22912,0x000B2FE0,0x000B3000,46036,46039,3,2,0xCE0EA47E,0x9C1D48FD,0x707523F7,3,2,True
359,22912,22913,0x000B3000,0x000B3020,46039,47123,1084,1083,0x707523F7,0xE0EA47EF,0x46DC1015,>64,unknown,False
360,23039,23040,0x000B3FE0,0x000B4000,47249,47252,3,2,0x78CCB5A7,0xF1996B4F,0xC665AD3C,3,2,True
361,23040,23041,0x000B4000,0x000B4020,47252,48122,870,869,0xC665AD3C,0x8CCB5A78,0x11DBC4AE,>64,unknown,False
362,23167,23168,0x000B4FE0,0x000B5000,48248,48251,3,2,0x392FE844,0x725FD089,0xC97F4224,3,2,True
363,23168,23169,0x000B5000,0x000B5020,48251,49349,1098,1097,0xC97F4224,0x92FE8448,0xF3E7AD3F,>64,unknown,False
364,23295,23296,0x000B5FE0,0x000B6000,49475,49478,3,2,0x9ADC4790,0x35B88F21,0xD6E23C87,3,2,True
365,23296,23297,0x000B6000,0x000B6020,49478,50314,836,835,0xD6E23C87,0xADC4790F,0x6F3A1E64,>64,unknown,False
366,23423,23424,0x000B6FE0,0x000B7000,50440,50443,3,2,0x94141513,0x28282A26,0xA0A0A89B,3,2,True
367,23424,23425,0x000B7000,0x000B7020,50443,51533,1090,1089,0xA0A0A89B,0x41415137,0x2CBAA14F,>64,unknown,False
368,23551,23552,0x000B7FE0,0x000B8000,51659,51662,3,2,0x88CD63B1,0x119AC762,0x466B1D8B,3,2,True
369,23552,23553,0x000B8000,0x000B8020,51662,52874,1212,1211,0x466B1D8B,0x8CD63B16,0xA7E6F401,>64,unknown,False
370,23679,23680,0x000B8FE0,0x000B9000,53000,53003,3,2,0x696ACB09,0xD2D59612,0x4B56584B,3,2,True
371,23680,23681,0x000B9000,0x000B9020,53003,54098,1095,1094,0x4B56584B,0x96ACB097,0x048265AB,>64,unknown,False
372,23807,23808,0x000B9FE0,0x000BA000,54224,54227,3,2,0x196C0DF0,0x32D81BE1,0xCB606F84,3,2,True
373,23808,23809,0x000BA000,0x000BA020,54227,55456,1229,1228,0xCB606F84,0x96C0DF09,0xBC246593,>64,unknown,False
374,23935,23936,0x000BAFE0,0x000BB000,55582,55585,3,2,0x68CC3650,0xD1986CA1,0x4661B285,3,2,True
375,23936,23937,0x000BB000,0x000BB020,55585,56684,1099,1098,0x4661B285,0x8CC3650A,0x6ECB2B4F,>64,unknown,False
376,24063,24064,0x000BBFE0,0x000BC000,56810,56813,3,2,0x701C11EF,0xE03823DF,0x80E08F7F,3,2,True
377,24064,24065,0x000BC000,0x000BC020,56813,58034,1221,1220,0x80E08F7F,0x01C11EFF,0x5BF6022A,>64,unknown,False
378,24191,24192,0x000BCFE0,0x000BD000,58160,58163,3,2,0xE511EA57,0xCA23D4AF,0x288F52BE,3,2,True
379,24192,24193,0x000BD000,0x000BD020,58163,59264,1101,1100,0x288F52BE,0x511EA57C,0x087FE31E,>64,unknown,False
380,24319,24320,0x000BDFE0,0x000BE000,59390,59393,3,2,0xA3437C90,0x4686F921,0x1A1BE487,3,2,True
381,24320,24321,0x000BE000,0x000BE020,59393,60276,883,882,0x1A1BE487,0x3437C90E,0x5728BE71,>64,unknown,False
382,24447,24448,0x000BEFE0,0x000BF000,60402,60405,3,2,0xA0E3F92B,0x41C7F257,0x071FC95C,3,2,True
383,24448,24449,0x000BF000,0x000BF020,60405,61500,1095,1094,0x071FC95C,0x0E3F92B9,0x8A7F50CF,>64,unknown,False
384,24575,24576,0x000BFFE0,0x000C0000,61626,61629,3,2,0x1AF9A071,0x35F340E3,0xD7CD038E,3,2,True
385,24576,24577,0x000C0000,0x000C0020,61629,62923,1294,1293,0xD7CD038E,0xAF9A071D,0x1EAAF97E,>64,unknown,False
386,24703,24704,0x000C0FE0,0x000C1000,63049,63052,3,2,0x2EAEEE59,0x5D5DDCB3,0x757772CD,3,2,True
387,24704,24705,0x000C1000,0x000C1020,63052,64147,1095,1094,0x757772CD,0xEAEEE59B,0x593E5E56,>64,unknown,False
388,24831,24832,0x000C1FE0,0x000C2000,64273,64276,3,2,0xF2ECDFE8,0xE5D9BFD1,0x9766FF44,3,2,True
389,24832,24833,0x000C2000,0x000C2020,64276,3196,4456,4455,0x9766FF44,0x2ECDFE89,0x1F3C714B,>64,unknown,False
390,24959,24960,0x000C2FE0,0x000C3000,3322,3325,3,2,0xFDD805D6,0xFBB00BAD,0xEEC02EB4,3,2,True
391,24960,24961,0x000C3000,0x000C3020,3325,3895,570,569,0xEEC02EB4,0xDD805D68,0x9A1AB8CE,>64,unknown,False
392,25087,25088,0x000C3FE0,0x000C4000,4021,4024,3,2,0x77B90367,0xEF7206CF,0xBDC81B3E,3,2,True
393,25088,25089,0x000C4000,0x000C4020,4024,5167,1143,1142,0xBDC81B3E,0x7B90367C,0x1660F2FC,>64,unknown,False
394,25215,25216,0x000C4FE0,0x000C5000,5293,5296,3,2,0xF690453B,0xED208A77,0xB48229DD,3,2,True
395,25216,25217,0x000C5000,0x000C5020,5296,6593,1297,1296,0xB48229DD,0x690453BB,0xDD263B0E,>64,unknown,False
396,25343,25344,0x000C5FE0,0x000C6000,6719,6722,3,2,0xB83C0982,0x70781305,0xC1E04C16,3,2,True
397,25344,25345,0x000C6000,0x000C6020,6722,7835,1113,1112,0xC1E04C16,0x83C0982C,0xB5E6DB90,>64,unknown,False
398,25471,25472,0x000C6FE0,0x000C7000,7961,7964,3,2,0xAFE6A905,0x5FCD520B,0x7F35482D,3,2,True
399,25472,25473,0x000C7000,0x000C7020,7964,8814,850,849,0x7F35482D,0xFE6A905B,0x33663E76,>64,unknown,False
